id,first_name,last_name,email,gender,ip_address
1,El,Franklin,efranklin0@smugmug.com,Male,37.76.145.91
2,Gale,Koppel,gkoppel1@cafepress.com,Male,160.81.176.57
3,Jilly,Whiston,jwhiston2@reference.com,Female,41.244.5.203
4,Barnaby,Helstrom,bhelstrom3@washington.edu,Male,255.73.14.191
5,Cathie,Philipard,cphilipard4@cnet.com,Female,92.28.5.159
6,Barde,Northin,bnorthin5@domainmarket.com,Male,5.105.167.235
7,Billie,MacGuffog,bmacguffog6@guardian.co.uk,Female,88.213.220.58
8,Caty,Bletsor,cbletsor7@barnesandnoble.com,Female,255.119.168.168
9,Granthem,Gorini,ggorini8@simplemachines.org,Male,245.55.43.233
10,Jarid,Valenti,jvalenti9@accuweather.com,Non-binary,147.93.201.35
11,Marlo,Wybourne,mwybournea@histats.com,Female,180.54.111.182
12,Sanders,Monkton,smonktonb@domainmarket.com,Male,10.134.135.175
13,Elmore,Giannasi,egiannasic@gmpg.org,Male,68.24.152.128
14,Amil,MacLoughlin,amacloughlind@altervista.org,Genderqueer,147.200.181.65
15,Malorie,Gwalter,mgwaltere@cdc.gov,Genderfluid,174.20.86.138
16,Penelope,Barkus,pbarkusf@vistaprint.com,Female,226.130.9.84
17,Kassie,Kinze,kkinzeg@va.gov,Female,78.238.228.43
18,Rosalynd,Kerman,rkermanh@house.gov,Female,143.157.147.242
19,Ronnie,Simmens,rsimmensi@deviantart.com,Female,81.70.72.131
20,Magdalene,Ralestone,mralestonej@e-recht24.de,Female,216.219.111.232
21,Kathrine,Pendlenton,kpendlentonk@umn.edu,Female,21.218.198.111
22,Janna,Wilson,jwilsonl@howstuffworks.com,Female,72.246.146.183
23,Eliot,McCarlie,emccarliem@nih.gov,Male,198.136.194.90
24,Lon,Gwynne,lgwynnen@digg.com,Male,55.47.17.135
25,De,Shee,dsheeo@goo.gl,Female,101.152.153.99
26,Brendis,Abbay,babbayp@behance.net,Male,226.174.252.196
27,Bernie,Shepland,bsheplandq@usgs.gov,Non-binary,175.7.188.2
28,Mozelle,Yurkevich,myurkevichr@ucoz.ru,Female,56.106.51.162
29,Lou,Carlos,lcarloss@diigo.com,Female,26.156.43.247
30,Babita,Nowak,bnowakt@goo.ne.jp,Agender,68.191.64.195
31,Dalston,Chellingworth,dchellingworthu@whitehouse.gov,Male,224.160.173.124
32,Mahala,Sherwill,msherwillv@salon.com,Female,171.149.101.3
33,Chrissy,Wonham,cwonhamw@gizmodo.com,Female,238.74.106.203
34,Andy,Gilbey,agilbeyx@cmu.edu,Male,79.62.8.42
35,Jillie,Crame,jcramey@cargocollective.com,Female,130.19.116.235
36,Madelle,Mewha,mmewhaz@blogger.com,Female,52.83.12.161
37,Lawry,Sanper,lsanper10@patch.com,Male,7.86.181.244
38,Tommy,Fozard,tfozard11@wikipedia.org,Male,58.187.138.179
39,Tiffani,Wilce,twilce12@guardian.co.uk,Female,26.35.1.93
40,Micheil,Bransgrove,mbransgrove13@ifeng.com,Male,27.161.249.6
41,Bary,Garraway,bgarraway14@nasa.gov,Male,208.144.83.19
42,Yuri,Huckel,yhuckel15@answers.com,Male,99.74.80.86
43,Hew,Holstein,hholstein16@sun.com,Male,232.129.50.23
44,Marie,Perchard,mperchard17@sun.com,Polygender,200.119.150.134
45,Gamaliel,Drewery,gdrewery18@digg.com,Male,165.233.118.79
46,Val,Pedel,vpedel19@independent.co.uk,Male,243.35.251.50
47,Denis,Prendergrast,dprendergrast1a@hhs.gov,Agender,145.242.241.28
48,Nertie,Kyte,nkyte1b@omniture.com,Female,50.111.60.228
49,Cesya,Shotton,cshotton1c@youku.com,Female,151.91.241.175
50,Laurianne,Oldland,loldland1d@timesonline.co.uk,Female,11.119.104.89
51,Tawnya,Stango,tstango1e@geocities.com,Non-binary,10.138.60.118
52,Camilla,Andreia,candreia1f@gmpg.org,Female,144.227.228.70
53,Tiffanie,Ebbrell,tebbrell1g@earthlink.net,Female,140.3.122.226
54,Wileen,Videler,wvideler1h@wunderground.com,Female,197.31.88.110
55,Linc,Collingwood,lcollingwood1i@fc2.com,Non-binary,124.107.222.168
56,Grethel,Bissatt,gbissatt1j@home.pl,Female,147.234.45.158
57,Arte,Durban,adurban1k@opera.com,Male,243.204.76.95
58,Erin,Glaisner,eglaisner1l@mac.com,Male,229.1.206.6
59,Georgette,Lilburn,glilburn1m@4shared.com,Female,89.208.153.236
60,Bili,Solan,bsolan1n@europa.eu,Female,81.75.245.78
61,Sheffy,Shevelin,sshevelin1o@ocn.ne.jp,Genderqueer,123.239.140.96
62,Maureene,McBrady,mmcbrady1p@fc2.com,Female,219.189.93.157
63,Hugh,Sexten,hsexten1q@google.es,Male,124.154.111.232
64,Araldo,Durbann,adurbann1r@drupal.org,Male,127.122.158.4
65,Payton,Doud,pdoud1s@people.com.cn,Male,34.159.100.237
66,Pavlov,Tomblin,ptomblin1t@dmoz.org,Male,236.96.23.170
67,Farlay,Carnock,fcarnock1u@foxnews.com,Male,208.223.231.105
68,Erica,Ruddell,eruddell1v@csmonitor.com,Female,195.212.116.213
69,Piotr,Gammade,pgammade1w@cnn.com,Male,117.153.176.158
70,Malanie,Wyldes,mwyldes1x@slideshare.net,Female,219.185.135.99
71,Iosep,Luckie,iluckie1y@imdb.com,Male,17.60.200.173
72,Cherida,Beaman,cbeaman1z@artisteer.com,Female,241.251.6.204
73,Loralyn,Olyonov,lolyonov20@timesonline.co.uk,Female,247.180.185.47
74,Charyl,Petruskevich,cpetruskevich21@fda.gov,Female,21.104.64.51
75,Kittie,Ventam,kventam22@ft.com,Female,145.156.221.220
76,Maire,Torrisi,mtorrisi23@sohu.com,Female,154.251.234.118
77,Dell,Broadley,dbroadley24@dropbox.com,Female,12.135.9.187
78,Ruby,Lethabridge,rlethabridge25@latimes.com,Female,53.90.23.152
79,Tymon,Chapelhow,tchapelhow26@cbc.ca,Male,116.10.18.161
80,Abagael,Gosalvez,agosalvez27@youtube.com,Female,254.165.191.37
81,Missy,Sandels,msandels28@addtoany.com,Female,59.3.206.164
82,Rudd,Clynmans,rclynmans29@de.vu,Male,98.233.200.141
83,Derry,Peerman,dpeerman2a@over-blog.com,Male,126.94.17.168
84,Pernell,McRill,pmcrill2b@china.com.cn,Male,36.236.69.17
85,Tobey,Emerine,temerine2c@berkeley.edu,Non-binary,125.216.44.218
86,Aguistin,Burniston,aburniston2d@ocn.ne.jp,Male,151.222.152.123
87,Carlo,Martinho,cmartinho2e@ftc.gov,Male,151.69.115.22
88,Natividad,Ousley,nousley2f@photobucket.com,Female,251.195.93.80
89,Paul,Shakesby,pshakesby2g@hostgator.com,Male,144.17.55.247
90,Idalina,Carnihan,icarnihan2h@blogger.com,Female,175.107.194.200
91,Shandie,Feldbrin,sfeldbrin2i@indiatimes.com,Female,206.199.34.119
92,Rupert,Gleadhall,rgleadhall2j@census.gov,Male,87.240.251.23
93,Donnie,Eubank,deubank2k@163.com,Female,123.30.197.56
94,Deeanne,Casacchia,dcasacchia2l@wordpress.com,Female,5.138.73.2
95,Willyt,Dandie,wdandie2m@goo.ne.jp,Female,159.6.229.188
96,Boniface,Sorbey,bsorbey2n@senate.gov,Male,145.71.75.89
97,Dolph,Rigglesford,drigglesford2o@sogou.com,Male,17.38.49.138
98,Drucill,Krauss,dkrauss2p@time.com,Female,165.169.144.32
99,Thurstan,Rundle,trundle2q@soup.io,Male,91.229.20.228
100,Julietta,Saladine,jsaladine2r@amazon.com,Female,66.82.112.57
101,Aida,Spadazzi,aspadazzi2s@bloglines.com,Female,212.79.250.74
102,Niven,Hobbert,nhobbert2t@webmd.com,Male,139.198.60.172
103,Yurik,Challes,ychalles2u@nps.gov,Male,211.231.61.245
104,Arabelle,O'Dea,aodea2v@printfriendly.com,Female,142.176.166.130
105,Alejandrina,Samwyse,asamwyse2w@arstechnica.com,Female,155.76.101.24
106,Mill,Orans,morans2x@ebay.co.uk,Male,185.196.197.139
107,Kaspar,Danev,kdanev2y@si.edu,Male,157.14.133.217
108,Analise,Heeron,aheeron2z@hp.com,Female,212.111.126.71
109,Robinson,Hardacre,rhardacre30@artisteer.com,Male,229.123.125.141
110,Essy,Rustan,erustan31@usnews.com,Female,148.210.159.98
111,Cathi,Hugle,chugle32@narod.ru,Female,251.58.208.223
112,Sloan,Tolhurst,stolhurst33@weather.com,Male,41.223.67.247
113,Vinny,Aberchirder,vaberchirder34@hibu.com,Bigender,160.215.94.78
114,Kinna,Seamons,kseamons35@sphinn.com,Female,113.82.96.9
115,Reeba,Spellworth,rspellworth36@paginegialle.it,Female,117.182.9.144
116,Teodoor,Minards,tminards37@ehow.com,Male,194.208.111.47
117,Adelbert,Tipper,atipper38@virginia.edu,Male,194.197.49.56
118,Bambie,Kienlein,bkienlein39@nbcnews.com,Female,86.133.100.50
119,Abigale,Bondesen,abondesen3a@shinystat.com,Female,186.197.168.27
120,Jada,Sedgebeer,jsedgebeer3b@addtoany.com,Female,227.106.217.91
121,Faydra,Petren,fpetren3c@twitpic.com,Female,104.101.141.64
122,Mable,Laird,mlaird3d@simplemachines.org,Female,148.126.230.67
123,Reagan,Daughton,rdaughton3e@slashdot.org,Genderqueer,216.52.104.36
124,Harry,Major,hmajor3f@soup.io,Male,127.121.55.12
125,Bastian,McLardie,bmclardie3g@hostgator.com,Male,20.141.58.223
126,Gizela,Asbrey,gasbrey3h@weebly.com,Female,160.100.215.204
127,Wandie,Akess,wakess3i@icio.us,Female,50.139.159.18
128,Lavinie,Hudson,lhudson3j@wordpress.org,Female,117.47.85.98
129,Cary,Lidell,clidell3k@hhs.gov,Female,49.70.97.78
130,Geoffry,Collister,gcollister3l@vinaora.com,Male,140.184.208.16
131,Sanson,Haveline,shaveline3m@fda.gov,Male,55.252.98.61
132,Oralia,Skerritt,oskerritt3n@biblegateway.com,Female,216.32.103.31
133,Beverly,Grimsell,bgrimsell3o@naver.com,Female,206.217.9.159
134,Shanta,Loyns,sloyns3p@foxnews.com,Female,35.72.105.169
135,Jeno,Creegan,jcreegan3q@domainmarket.com,Male,76.52.231.233
136,Celinka,Tyrer,ctyrer3r@vistaprint.com,Female,110.133.12.94
137,Dolf,Templman,dtemplman3s@comsenz.com,Male,135.247.167.59
138,Jarrett,Samsin,jsamsin3t@comcast.net,Male,52.239.168.169
139,Patrica,Sinkinson,psinkinson3u@i2i.jp,Female,9.108.175.175
140,Briano,Meric,bmeric3v@utexas.edu,Male,192.76.44.129
141,Kory,Leeke,kleeke3w@google.pl,Male,19.93.107.6
142,Joni,Antonioni,jantonioni3x@toplist.cz,Female,86.193.111.160
143,Karylin,Skone,kskone3y@seattletimes.com,Female,100.28.19.5
144,Alden,Larmouth,alarmouth3z@washingtonpost.com,Male,11.46.160.116
145,Mollee,Wetherick,mwetherick40@cisco.com,Female,110.3.210.68
146,Gabriello,Gollin,ggollin41@is.gd,Male,136.35.151.35
147,Malynda,Sackler,msackler42@wordpress.com,Female,31.155.171.200
148,Aeriell,Laidel,alaidel43@wisc.edu,Female,121.12.88.69
149,Ettore,Hue,ehue44@mit.edu,Male,180.213.167.108
150,Jo,Heiden,jheiden45@hao123.com,Male,118.199.232.224
151,Burgess,Giacomucci,bgiacomucci46@soup.io,Male,182.160.255.37
152,Irwin,Shaw,ishaw47@jimdo.com,Male,204.243.128.228
153,Saloma,Duiguid,sduiguid48@netvibes.com,Female,26.205.16.150
154,Erskine,Filkov,efilkov49@omniture.com,Male,197.183.179.248
155,Alexi,Franzetti,afranzetti4a@lycos.com,Agender,159.63.209.140
156,Gerrie,Janas,gjanas4b@nature.com,Female,23.108.21.68
157,Dimitri,Nairy,dnairy4c@salon.com,Male,219.57.100.87
158,Corenda,Degli Antoni,cdegliantoni4d@uiuc.edu,Female,176.249.10.80
159,Michele,O'Brian,mobrian4e@weather.com,Male,121.232.6.217
160,Vassily,Wardale,vwardale4f@reuters.com,Male,174.52.242.16
161,Stefa,MacRanald,smacranald4g@guardian.co.uk,Female,137.135.14.211
162,Merry,Hedger,mhedger4h@cloudflare.com,Male,84.226.133.181
163,Cecilio,Shambroke,cshambroke4i@apple.com,Male,135.40.81.166
164,Amalia,Parmby,aparmby4j@home.pl,Female,31.170.39.54
165,Leslie,Hegarty,lhegarty4k@toplist.cz,Male,123.66.79.79
166,Libbi,Browning,lbrowning4l@npr.org,Female,50.203.215.111
167,Alden,Duffill,aduffill4m@mashable.com,Male,129.226.64.34
168,Cammi,Anstiss,canstiss4n@vinaora.com,Female,137.223.139.233
169,Talyah,Buddington,tbuddington4o@wiley.com,Female,197.243.63.62
170,Carey,Cockings,ccockings4p@dailymotion.com,Male,34.73.179.225
171,Karyl,Shackell,kshackell4q@free.fr,Female,83.133.96.10
172,Meredith,Shorto,mshorto4r@cbc.ca,Male,73.255.249.151
173,Lorin,Hourstan,lhourstan4s@desdev.cn,Male,68.182.82.182
174,Quinton,Ingram,qingram4t@tripod.com,Male,46.7.153.44
175,Celka,Bleyman,cbleyman4u@senate.gov,Female,121.207.152.82
176,Budd,Leadstone,bleadstone4v@reference.com,Male,58.121.171.54
177,Milli,Russell,mrussell4w@t.co,Genderfluid,31.177.180.41
178,Errol,Lubman,elubman4x@wp.com,Male,242.157.242.123
179,Felicity,Zmitruk,fzmitruk4y@ovh.net,Female,4.158.145.240
180,Pietro,Bissill,pbissill4z@washington.edu,Male,153.248.229.68
181,Jameson,Wheldon,jwheldon50@dailymail.co.uk,Male,252.6.113.127
182,Ingemar,Sirmon,isirmon51@answers.com,Male,180.12.14.34
183,Jannelle,Caiger,jcaiger52@google.co.uk,Female,220.205.118.94
184,Andeee,Shadrack,ashadrack53@dedecms.com,Female,160.185.108.184
185,Tye,Butts,tbutts54@deliciousdays.com,Male,153.141.83.10
186,Damon,Le Marchand,dlemarchand55@samsung.com,Male,10.63.9.99
187,Rudie,Snarr,rsnarr56@live.com,Male,240.90.77.43
188,Web,Peartree,wpeartree57@simplemachines.org,Male,222.243.66.59
189,Willem,Keniwell,wkeniwell58@dedecms.com,Male,66.101.151.35
190,Tallou,MacQuist,tmacquist59@list-manage.com,Female,208.15.90.99
191,Roderic,Crankhorn,rcrankhorn5a@dagondesign.com,Male,204.34.236.201
192,Ofella,Brocks,obrocks5b@jalbum.net,Female,52.161.177.231
193,Norma,Kyffin,nkyffin5c@nasa.gov,Female,29.102.113.161
194,Gilbert,Syseland,gsyseland5d@trellian.com,Non-binary,227.216.224.40
195,Justin,Trownson,jtrownson5e@admin.ch,Male,99.227.168.124
196,Cecilius,Turfs,cturfs5f@tamu.edu,Male,206.194.148.114
197,Augusta,Climar,aclimar5g@fastcompany.com,Female,148.218.24.95
198,Bellina,Prettyjohns,bprettyjohns5h@simplemachines.org,Bigender,181.24.49.96
199,Nicolis,Bertouloume,nbertouloume5i@hp.com,Male,255.102.79.51
200,Vernice,Pownall,vpownall5j@youtu.be,Female,153.8.238.92
201,Ase,Mulhill,amulhill5k@go.com,Male,13.30.195.15
202,Chaddie,Mutlow,cmutlow5l@apache.org,Male,220.156.200.250
203,Maye,Loosley,mloosley5m@a8.net,Female,186.141.62.39
204,Traci,Sampson,tsampson5n@pcworld.com,Female,249.22.102.242
205,Mordy,Colombier,mcolombier5o@skype.com,Male,95.6.124.58
206,Gunter,Dicke,gdicke5p@hibu.com,Polygender,104.96.11.170
207,Barri,Nisbet,bnisbet5q@example.com,Male,129.23.85.3
208,Tildi,Klejna,tklejna5r@soup.io,Female,74.79.253.19
209,Terry,Wanless,twanless5s@deliciousdays.com,Male,217.218.244.56
210,Hendrick,Luberti,hluberti5t@vistaprint.com,Male,143.50.97.208
211,Charmine,Summerlee,csummerlee5u@noaa.gov,Female,186.132.167.198
212,Winna,Brankley,wbrankley5v@who.int,Female,183.167.85.135
213,Rayna,Casebourne,rcasebourne5w@domainmarket.com,Female,52.63.200.95
214,Della,Halesworth,dhalesworth5x@friendfeed.com,Female,86.11.194.50
215,Nedi,Nequest,nnequest5y@biglobe.ne.jp,Genderfluid,104.229.145.59
216,Hamnet,Smees,hsmees5z@goo.ne.jp,Male,211.225.197.0
217,Sigismondo,Gainseford,sgainseford60@biglobe.ne.jp,Male,225.80.76.160
218,Samson,Klesel,sklesel61@networksolutions.com,Male,189.10.141.81
219,Haskel,Youell,hyouell62@wisc.edu,Male,67.204.157.25
220,Darrin,Gronaver,dgronaver63@scientificamerican.com,Male,79.115.86.254
221,Kittie,Blacksland,kblacksland64@techcrunch.com,Female,142.73.241.74
222,Ariadne,Wreight,awreight65@wordpress.com,Female,55.238.91.125
223,Olva,Darco,odarco66@bloglovin.com,Female,46.184.129.102
224,Brietta,Sneath,bsneath67@indiegogo.com,Female,202.191.139.57
225,Shanna,Stead,sstead68@yahoo.com,Female,226.46.59.35
226,Upton,Boyles,uboyles69@netlog.com,Male,223.82.123.129
227,Elene,Batstone,ebatstone6a@amazon.com,Female,227.1.218.219
228,Hank,Millson,hmillson6b@alexa.com,Male,174.210.251.123
229,Amery,Crannell,acrannell6c@nytimes.com,Male,52.174.242.58
230,Miranda,Carp,mcarp6d@storify.com,Female,206.200.229.183
231,Borden,McVitie,bmcvitie6e@redcross.org,Male,201.47.103.106
232,Marinna,Halksworth,mhalksworth6f@miibeian.gov.cn,Female,161.140.31.72
233,Romeo,Ducaen,rducaen6g@cnn.com,Male,80.127.138.70
234,Brew,Roels,broels6h@ehow.com,Male,27.219.141.130
235,Augustine,Athey,aathey6i@php.net,Female,56.136.72.232
236,Illa,Borles,iborles6j@usnews.com,Female,73.46.181.164
237,Allister,Jessep,ajessep6k@sfgate.com,Male,140.149.165.152
238,Rudie,Dorrins,rdorrins6l@twitpic.com,Male,69.105.206.27
239,Ailsun,Gratland,agratland6m@msn.com,Female,148.52.46.227
240,Alvy,Padkin,apadkin6n@surveymonkey.com,Male,30.63.104.45
241,Noelyn,Haville,nhaville6o@is.gd,Female,109.23.208.138
242,Yank,Bulle,ybulle6p@elegantthemes.com,Male,101.174.140.26
243,Emera,Schenfisch,eschenfisch6q@addthis.com,Non-binary,2.207.26.76
244,Virge,Robben,vrobben6r@ca.gov,Male,97.68.156.139
245,Mordy,Innocenti,minnocenti6s@si.edu,Male,131.65.1.127
246,Carmela,Baldung,cbaldung6t@moonfruit.com,Female,86.61.240.28
247,Thorny,Gowry,tgowry6u@chron.com,Male,157.164.64.93
248,Virgil,Wilkowski,vwilkowski6v@tinypic.com,Male,240.62.39.238
249,Manda,Gribble,mgribble6w@usa.gov,Female,144.64.175.48
250,Lissi,Vango,lvango6x@youtu.be,Female,222.157.171.199
251,Sancho,Wytchard,swytchard6y@walmart.com,Male,253.94.229.17
252,Willis,De Nisco,wdenisco6z@moonfruit.com,Male,47.141.175.240
253,Gwenny,Ryman,gryman70@irs.gov,Female,42.155.82.191
254,Krisha,Comiam,kcomiam71@g.co,Male,21.13.75.240
255,Jesus,Loan,jloan72@cnn.com,Male,197.172.50.212
256,Dale,Beams,dbeams73@bizjournals.com,Male,252.251.218.91
257,Rockwell,Buckthought,rbuckthought74@t.co,Male,248.21.96.77
258,Cull,Caswell,ccaswell75@examiner.com,Male,105.53.196.139
259,Granthem,Di Dello,gdidello76@globo.com,Male,118.20.173.185
260,Timmy,Gagg,tgagg77@php.net,Male,150.115.2.46
261,Kristoforo,O'Gaven,kogaven78@cafepress.com,Male,172.88.139.206
262,Madelene,Jennery,mjennery79@tamu.edu,Female,189.194.91.87
263,Lida,Brunger,lbrunger7a@weibo.com,Female,75.203.188.34
264,Buckie,Lount,blount7b@nydailynews.com,Male,113.3.126.180
265,Gustaf,Burdas,gburdas7c@booking.com,Male,10.253.109.225
266,Kurt,Everard,keverard7d@youku.com,Male,226.162.68.91
267,Seymour,Ocheltree,socheltree7e@gravatar.com,Male,101.10.2.35
268,Ralf,Ruane,rruane7f@blog.com,Male,74.202.139.223
269,Giorgia,Sorrie,gsorrie7g@unblog.fr,Female,198.146.246.48
270,Brianne,Bambrick,bbambrick7h@europa.eu,Female,234.63.176.100
271,Pepe,Paulisch,ppaulisch7i@sakura.ne.jp,Male,139.171.26.62
272,Bealle,Everit,beverit7j@a8.net,Male,47.15.111.203
273,Persis,Noods,pnoods7k@liveinternet.ru,Female,194.51.73.69
274,Lesley,Abbes,labbes7l@google.es,Female,68.48.61.39
275,Abbot,Sancraft,asancraft7m@dyndns.org,Male,136.38.110.18
276,Laverna,Huskinson,lhuskinson7n@imdb.com,Female,84.193.196.154
277,Hugo,Legate,hlegate7o@mozilla.com,Male,69.45.88.67
278,Catherin,Shackel,cshackel7p@chronoengine.com,Female,180.65.108.187
279,Cirillo,Thripp,cthripp7q@cyberchimps.com,Male,213.244.230.134
280,Belicia,Tunno,btunno7r@webmd.com,Female,156.102.37.217
281,Anastasia,Bowfin,abowfin7s@nsw.gov.au,Female,76.219.113.197
282,Rockwell,Nussii,rnussii7t@amazonaws.com,Male,77.23.58.242
283,Paulo,Andreassen,pandreassen7u@yahoo.co.jp,Male,164.140.85.74
284,Keen,Hayworth,khayworth7v@vk.com,Genderqueer,129.8.136.99
285,Lindie,Grahl,lgrahl7w@npr.org,Female,155.131.55.100
286,Barrie,Dunlea,bdunlea7x@forbes.com,Male,233.73.178.174
287,Corrie,De Malchar,cdemalchar7y@rediff.com,Non-binary,110.253.200.189
288,Linzy,Edis,ledis7z@msn.com,Female,185.109.120.6
289,Malena,Corsor,mcorsor80@printfriendly.com,Female,238.50.252.154
290,Orelie,Officer,oofficer81@a8.net,Female,68.154.243.37
291,Maxie,Righy,mrighy82@prlog.org,Genderfluid,158.0.2.169
292,Porter,Rouchy,prouchy83@dailymotion.com,Male,131.246.224.179
293,Robbyn,Sporrij,rsporrij84@e-recht24.de,Female,114.221.77.163
294,Dottie,Jeffreys,djeffreys85@oaic.gov.au,Female,50.177.211.70
295,Quinn,Spelwood,qspelwood86@wikimedia.org,Male,165.231.251.171
296,Penni,Guilayn,pguilayn87@pcworld.com,Female,60.133.135.3
297,Sylvan,Brecher,sbrecher88@economist.com,Male,216.163.82.65
298,Ramonda,Esparza,resparza89@intel.com,Female,166.96.96.197
299,Jamesy,Waterfall,jwaterfall8a@about.me,Male,50.188.92.244
300,Fielding,Ealam,fealam8b@cyberchimps.com,Polygender,189.226.232.77
301,Morey,Menhenitt,mmenhenitt8c@netvibes.com,Male,83.234.96.186
302,Terri,Schulz,tschulz8d@wsj.com,Agender,234.206.156.189
303,Denny,Tregona,dtregona8e@dropbox.com,Male,40.92.20.231
304,Weider,Ramey,wramey8f@aboutads.info,Male,120.17.14.76
305,Peggy,Lightning,plightning8g@army.mil,Female,39.23.117.221
306,Diahann,Nussgen,dnussgen8h@yahoo.com,Female,33.201.159.213
307,Xerxes,Etherington,xetherington8i@engadget.com,Male,90.57.95.33
308,Lonnie,McKelvie,lmckelvie8j@artisteer.com,Male,185.142.74.180
309,Konstantine,Adlam,kadlam8k@flavors.me,Male,190.231.101.128
310,Sophey,Meadowcroft,smeadowcroft8l@twitpic.com,Female,2.17.194.253
311,Merle,Tibalt,mtibalt8m@time.com,Male,42.204.101.213
312,Lexis,Passey,lpassey8n@chicagotribune.com,Bigender,155.240.131.0
313,Cassi,Whight,cwhight8o@xinhuanet.com,Female,27.189.142.118
314,Elly,Evens,eevens8p@networkadvertising.org,Female,5.99.128.8
315,Marsha,Frobisher,mfrobisher8q@google.de,Female,17.14.188.127
316,Ilka,Tregaskis,itregaskis8r@arstechnica.com,Female,69.111.49.13
317,Joey,Manders,jmanders8s@behance.net,Male,138.145.209.100
318,Del,Whitford,dwhitford8t@go.com,Female,209.66.164.219
319,Ophelie,Mateu,omateu8u@thetimes.co.uk,Female,99.39.108.198
320,Zollie,Russilll,zrussilll8v@cocolog-nifty.com,Male,172.196.12.159
321,Nessie,Dayborne,ndayborne8w@yellowbook.com,Female,29.117.131.169
322,Terencio,Hutable,thutable8x@canalblog.com,Male,112.40.190.176
323,Kurt,Higounet,khigounet8y@prweb.com,Male,60.58.110.126
324,Camila,Weedall,cweedall8z@51.la,Female,237.152.51.167
325,Jdavie,Jessopp,jjessopp90@elegantthemes.com,Agender,245.225.76.208
326,Carree,Zupo,czupo91@usatoday.com,Female,26.188.238.223
327,Saloma,Corsar,scorsar92@nps.gov,Female,169.20.130.166
328,Raphael,De la croix,rdelacroix93@fema.gov,Male,237.205.171.210
329,Dell,Key,dkey94@usgs.gov,Male,150.187.249.115
330,Lanna,Heymes,lheymes95@canalblog.com,Female,236.33.85.117
331,Aluino,Greenall,agreenall96@aboutads.info,Male,112.21.160.60
332,Ailee,Gaskoin,agaskoin97@i2i.jp,Female,107.83.174.29
333,Norri,Argo,nargo98@biglobe.ne.jp,Female,240.175.103.87
334,Vasili,Gilvear,vgilvear99@army.mil,Male,160.117.172.87
335,Tadio,Bisset,tbisset9a@cpanel.net,Male,76.237.217.100
336,Delbert,Cheer,dcheer9b@parallels.com,Male,197.140.65.185
337,Ciel,Kinchlea,ckinchlea9c@forbes.com,Female,161.57.134.153
338,Aloise,Hadwick,ahadwick9d@youtube.com,Female,107.206.201.11
339,Townsend,Woodson,twoodson9e@upenn.edu,Male,202.108.218.230
340,Helli,Janca,hjanca9f@sogou.com,Female,147.212.176.68
341,Rudolf,Plumm,rplumm9g@dmoz.org,Male,181.124.50.38
342,Brit,Shivlin,bshivlin9h@hugedomains.com,Male,18.49.19.209
343,Darya,Wolverson,dwolverson9i@skyrock.com,Female,207.112.38.210
344,Sim,Straine,sstraine9j@stumbleupon.com,Male,232.24.176.97
345,Sigismondo,Merrigan,smerrigan9k@wsj.com,Male,175.145.176.109
346,Ulysses,Waby,uwaby9l@ustream.tv,Male,72.167.144.147
347,Gaspard,Spoole,gspoole9m@ca.gov,Male,175.58.9.163
348,Maurita,Marousek,mmarousek9n@census.gov,Female,147.79.23.86
349,Gerrie,Farris,gfarris9o@list-manage.com,Male,77.4.223.165
350,Gallagher,Portchmouth,gportchmouth9p@state.gov,Genderqueer,163.55.51.11
351,Gawen,Magarrell,gmagarrell9q@1und1.de,Male,45.114.7.209
352,Owen,Anfonsi,oanfonsi9r@live.com,Male,31.64.64.200
353,Virgil,Walkowski,vwalkowski9s@oracle.com,Polygender,130.157.216.35
354,Sheelagh,Dyzart,sdyzart9t@sciencedaily.com,Female,147.59.206.254
355,Tod,Casarili,tcasarili9u@cbsnews.com,Male,117.182.84.224
356,Adriana,Willerton,awillerton9v@rediff.com,Genderqueer,232.44.51.175
357,Douglas,Prate,dprate9w@statcounter.com,Male,114.189.155.49
358,Francyne,Chastenet,fchastenet9x@weebly.com,Female,119.32.162.83
359,Norrie,Broyd,nbroyd9y@youtube.com,Male,88.49.160.208
360,Davie,Moreton,dmoreton9z@drupal.org,Male,3.44.184.182
361,Ludwig,Shephard,lshepharda0@opensource.org,Genderqueer,70.85.52.75
362,Coralyn,Hiers,chiersa1@google.ru,Female,185.16.67.47
363,Eleen,Fitzackerley,efitzackerleya2@e-recht24.de,Female,210.196.62.253
364,Woodman,Lanfranconi,wlanfranconia3@google.it,Male,238.82.207.25
365,Daisy,Fellon,dfellona4@networksolutions.com,Female,121.217.160.120
366,Ave,Kolakovic,akolakovica5@ft.com,Male,89.219.156.164
367,Harlene,Seabrooke,hseabrookea6@creativecommons.org,Female,157.196.119.174
368,Pebrook,Duberry,pduberrya7@opera.com,Male,149.165.107.17
369,Roanna,Syratt,rsyratta8@shutterfly.com,Female,36.125.95.24
370,Aurelie,Spurret,aspurreta9@dailymotion.com,Female,24.154.173.56
371,Gerek,Culley,gculleyaa@sciencedirect.com,Male,20.138.177.51
372,Colet,Colnet,ccolnetab@engadget.com,Male,201.142.104.127
373,Fletch,Partner,fpartnerac@netlog.com,Male,42.123.37.66
374,Sherrie,Weight,sweightad@people.com.cn,Female,245.80.14.26
375,Sandy,Dymocke,sdymockeae@flavors.me,Female,212.93.244.178
376,Antonino,Ghidini,aghidiniaf@nba.com,Male,251.199.103.161
377,Fonsie,Minchinton,fminchintonag@bizjournals.com,Male,175.37.59.70
378,Mikol,Janata,mjanataah@ucoz.ru,Male,52.58.245.192
379,Giacomo,Lingwood,glingwoodai@privacy.gov.au,Male,7.32.118.40
380,Matthew,Treadaway,mtreadawayaj@google.ru,Male,220.50.140.154
381,Laurena,Cejka,lcejkaak@deliciousdays.com,Female,111.22.108.184
382,Staford,McMonnies,smcmonniesal@yellowpages.com,Male,127.225.254.185
383,Gery,Brookesbie,gbrookesbieam@youtube.com,Male,174.27.4.5
384,Otes,Copland,ocoplandan@linkedin.com,Male,79.101.142.39
385,Shaughn,Quarton,squartonao@imageshack.us,Male,57.79.2.196
386,Ashlie,Kneeshaw,akneeshawap@hibu.com,Female,164.26.65.15
387,Cary,Pearle,cpearleaq@google.com.au,Non-binary,72.233.194.203
388,Elfreda,Crutchley,ecrutchleyar@usgs.gov,Genderqueer,137.76.189.166
389,Kinny,Alger,kalgeras@usatoday.com,Male,42.163.198.85
390,Vivianna,Clowney,vclowneyat@bigcartel.com,Female,45.138.97.31
391,Oates,Tullis,otullisau@163.com,Male,232.184.59.173
392,Zaccaria,Crampin,zcrampinav@smugmug.com,Male,128.102.172.148
393,Rosmunda,Crosbie,rcrosbieaw@home.pl,Female,15.75.185.223
394,Lamond,Iacobini,liacobiniax@icq.com,Male,103.254.39.153
395,Aguie,Agar,aagaray@sciencedaily.com,Male,255.217.204.38
396,Riordan,Edess,redessaz@godaddy.com,Male,142.23.213.39
397,Antoni,Caseborne,acaseborneb0@canalblog.com,Male,114.200.248.32
398,Omero,Portis,oportisb1@ibm.com,Male,185.36.103.178
399,Joleen,Crosskell,jcrosskellb2@zimbio.com,Female,64.44.241.169
400,Eduard,Wigginton,ewiggintonb3@boston.com,Male,0.42.12.187
401,Orelie,Munns,omunnsb4@va.gov,Bigender,23.24.171.128
402,Dalton,Antonopoulos,dantonopoulosb5@nih.gov,Male,58.178.196.53
403,Betsy,Brumby,bbrumbyb6@reddit.com,Female,160.10.199.244
404,Eddi,Luffman,eluffmanb7@bbc.co.uk,Female,155.120.112.172
405,Griffin,Ellsbury,gellsburyb8@si.edu,Male,178.212.173.58
406,Raine,Chupin,rchupinb9@noaa.gov,Female,156.193.192.229
407,Killie,Moodie,kmoodieba@yellowbook.com,Male,110.132.167.121
408,Hermione,Sainteau,hsainteaubb@google.cn,Female,238.203.169.244
409,Bruis,Davidovitz,bdavidovitzbc@unblog.fr,Male,211.91.175.55
410,Dael,Le Fleming,dleflemingbd@nhs.uk,Genderfluid,215.75.109.45
411,Lulita,Carlens,lcarlensbe@unesco.org,Female,229.224.212.136
412,Marika,Touzey,mtouzeybf@google.com,Female,109.148.121.94
413,Kirbie,Paulus,kpaulusbg@fema.gov,Female,82.207.234.193
414,Normand,Bawme,nbawmebh@vk.com,Male,112.101.231.125
415,Marshall,Varndall,mvarndallbi@photobucket.com,Male,220.224.196.100
416,Towny,Grinyer,tgrinyerbj@go.com,Male,60.106.169.56
417,Trumaine,Ricson,tricsonbk@microsoft.com,Male,48.86.189.73
418,Wyatan,Ousbie,wousbiebl@yale.edu,Male,230.99.39.188
419,Lyndy,Pennuzzi,lpennuzzibm@merriam-webster.com,Female,102.160.241.128
420,Man,Currington,mcurringtonbn@abc.net.au,Male,115.37.131.22
421,Alonzo,Childe,achildebo@netscape.com,Male,66.172.250.253
422,Arliene,California,acaliforniabp@yellowpages.com,Female,16.248.250.154
423,Kev,Kobisch,kkobischbq@stanford.edu,Male,74.156.140.221
424,Farrell,Creaven,fcreavenbr@constantcontact.com,Male,94.205.168.24
425,Junia,Bernaldo,jbernaldobs@adobe.com,Female,253.203.216.176
426,Mandie,Skipsey,mskipseybt@nydailynews.com,Female,150.32.193.136
427,Romeo,Craisford,rcraisfordbu@ask.com,Bigender,214.245.233.8
428,Francis,Drawmer,fdrawmerbv@illinois.edu,Male,130.223.182.29
429,Crystal,Ivashinnikov,civashinnikovbw@cloudflare.com,Female,144.99.44.160
430,Rodrigo,Munkley,rmunkleybx@angelfire.com,Male,113.94.254.178
431,Melva,Graffin,mgraffinby@earthlink.net,Female,213.219.114.43
432,Joly,Swaisland,jswaislandbz@google.nl,Bigender,230.77.136.71
433,Ogdon,Abbys,oabbysc0@webnode.com,Male,169.28.140.80
434,Templeton,Younghusband,tyounghusbandc1@gov.uk,Male,180.72.157.102
435,Grover,Redler,gredlerc2@usatoday.com,Male,61.17.181.107
436,Ambrose,Wren,awrenc3@salon.com,Male,215.102.136.95
437,Gram,Ost,gostc4@economist.com,Male,152.6.175.194
438,Raffaello,Volett,rvolettc5@ft.com,Male,154.40.96.217
439,Beth,Butterfill,bbutterfillc6@irs.gov,Female,35.29.104.245
440,Malissia,Hought,mhoughtc7@dyndns.org,Female,112.191.229.52
441,Orsola,Kivits,okivitsc8@omniture.com,Female,126.41.238.149
442,Pattie,Dwerryhouse,pdwerryhousec9@over-blog.com,Male,194.184.84.208
443,Meggi,Guido,mguidoca@indiegogo.com,Female,217.62.127.2
444,Cordelia,Findon,cfindoncb@sbwire.com,Female,70.12.52.208
445,Ingaberg,Parkhouse,iparkhousecc@icq.com,Agender,45.2.13.244
446,Chanda,Pethrick,cpethrickcd@paypal.com,Female,43.199.184.212
447,Tracey,Wield,twieldce@mayoclinic.com,Male,47.81.68.50
448,Quinlan,Falla,qfallacf@unc.edu,Male,46.6.5.215
449,Gavrielle,Corzon,gcorzoncg@fema.gov,Female,104.101.134.113
450,Nevins,Coulsen,ncoulsench@github.io,Male,118.188.85.138
451,Leonhard,Stansbury,lstansburyci@hibu.com,Male,255.110.43.60
452,Richardo,McCurry,rmccurrycj@abc.net.au,Male,93.168.64.29
453,Svend,Blakeney,sblakeneyck@umn.edu,Male,132.20.49.232
454,Inessa,Eliet,ielietcl@ft.com,Female,63.240.165.209
455,Pierette,McGuinness,pmcguinnesscm@nih.gov,Female,11.84.216.209
456,Cally,Mussolini,cmussolinicn@wufoo.com,Female,153.218.44.102
457,Sheilakathryn,Romagnosi,sromagnosico@prlog.org,Female,54.115.40.51
458,Merry,Kubasiewicz,mkubasiewiczcp@flavors.me,Male,92.186.107.50
459,Reagen,Wathan,rwathancq@usa.gov,Male,27.251.210.164
460,Shelley,Geal,sgealcr@phpbb.com,Female,130.221.160.226
461,Odelia,Bleacher,obleachercs@irs.gov,Female,159.105.72.221
462,Liam,Menier,lmenierct@altervista.org,Male,89.131.72.58
463,Claire,Toffalo,ctoffalocu@timesonline.co.uk,Male,232.77.166.228
464,Min,Weall,mweallcv@wunderground.com,Female,16.37.61.46
465,Timmy,Twinning,ttwinningcw@whitehouse.gov,Male,220.157.11.37
466,Geri,Stilldale,gstilldalecx@bluehost.com,Female,203.77.194.139
467,Roshelle,Coverdale,rcoverdalecy@tripadvisor.com,Female,185.166.11.143
468,Gibb,Schoenleiter,gschoenleitercz@dropbox.com,Male,123.138.90.143
469,Minni,Vynehall,mvynehalld0@noaa.gov,Non-binary,206.62.64.52
470,Red,Dunsmuir,rdunsmuird1@google.ca,Male,17.103.2.93
471,Glendon,Galler,ggallerd2@cafepress.com,Male,107.129.201.80
472,Maurine,Witard,mwitardd3@oaic.gov.au,Female,176.186.79.134
473,Berkley,Southwell,bsouthwelld4@bbc.co.uk,Male,184.145.109.52
474,Gino,Ahrenius,gahreniusd5@360.cn,Male,102.208.39.30
475,Alexio,Mairs,amairsd6@reference.com,Male,202.205.103.156
476,Terrijo,Nevin,tnevind7@wikimedia.org,Female,128.38.102.156
477,Irena,Di Franceschi,idifranceschid8@state.tx.us,Female,10.235.125.87
478,Taddeusz,Berks,tberksd9@about.me,Male,252.56.15.243
479,Hoyt,Jolliff,hjolliffda@yandex.ru,Male,50.22.66.206
480,Estella,Toe,etoedb@stanford.edu,Female,144.215.232.197
481,Brigham,Noble,bnobledc@cafepress.com,Male,223.166.86.224
482,Clair,Brend,cbrenddd@nba.com,Non-binary,21.237.176.17
483,Leeland,Shoemark,lshoemarkde@indiatimes.com,Male,225.7.211.73
484,Quincey,Drowsfield,qdrowsfielddf@senate.gov,Male,23.197.142.226
485,Barbette,Rigolle,brigolledg@meetup.com,Polygender,197.166.193.220
486,Claudette,Bothams,cbothamsdh@pbs.org,Female,75.250.34.195
487,Dalenna,Doeg,ddoegdi@stanford.edu,Female,243.212.112.79
488,Leland,Palffy,lpalffydj@google.com,Male,203.168.109.234
489,Dinah,Remon,dremondk@google.cn,Female,94.171.156.148
490,Rivi,MacAulay,rmacaulaydl@oaic.gov.au,Female,219.106.94.207
491,John,Draper,jdraperdm@tinypic.com,Male,19.152.3.54
492,Lark,Allberry,lallberrydn@acquirethisname.com,Genderqueer,84.241.184.8
493,Kizzee,Strethill,kstrethilldo@bluehost.com,Female,81.167.228.4
494,Tracy,Hasnney,thasnneydp@freewebs.com,Male,30.20.75.19
495,Carlina,Brabban,cbrabbandq@ucla.edu,Female,0.164.111.173
496,Codie,Myderscough,cmyderscoughdr@guardian.co.uk,Male,4.130.121.69
497,Adelbert,Gallon,agallonds@hp.com,Male,118.163.238.73
498,Kiley,Russell,krusselldt@simplemachines.org,Male,91.232.16.33
499,Franzen,Bartrap,fbartrapdu@symantec.com,Male,155.91.33.55
500,Laney,Cuolahan,lcuolahandv@tinypic.com,Genderqueer,255.237.148.225
501,Lynette,Cuddehay,lcuddehaydw@liveinternet.ru,Female,71.224.169.63
502,Horatius,Chiplin,hchiplindx@indiatimes.com,Male,149.216.57.154
503,Avie,Pothergill,apothergilldy@prlog.org,Female,19.15.165.93
504,Kally,Bewsy,kbewsydz@tmall.com,Female,125.81.33.251
505,Birch,Chipman,bchipmane0@wordpress.com,Male,13.222.6.13
506,Allis,Bruhnicke,abruhnickee1@amazon.de,Female,165.54.83.31
507,Monika,Gavagan,mgavagane2@auda.org.au,Female,93.21.152.255
508,Demetria,Hugli,dhuglie3@ycombinator.com,Female,49.251.56.78
509,Perceval,Skally,pskallye4@usa.gov,Male,37.171.70.1
510,Cara,Tregenna,ctregennae5@people.com.cn,Female,123.91.184.213
511,Chickie,Sturdey,csturdeye6@foxnews.com,Male,132.129.231.198
512,Fletch,Gout,fgoute7@list-manage.com,Genderfluid,167.217.183.122
513,Marna,Cholerton,mcholertone8@army.mil,Female,253.6.245.136
514,Nicholle,Ayliffe,nayliffee9@soup.io,Female,199.112.153.130
515,Pierrette,Jansik,pjansikea@friendfeed.com,Female,8.236.139.247
516,Melosa,Abbs,mabbseb@stumbleupon.com,Female,163.10.111.3
517,Carter,Scholer,cscholerec@chron.com,Male,85.73.201.247
518,Christiane,Breagan,cbreaganed@sfgate.com,Female,131.148.193.65
519,Delmer,Hadaway,dhadawayee@google.cn,Male,131.189.64.119
520,Bryon,Hendrikse,bhendrikseef@gov.uk,Male,246.151.81.183
521,Florentia,Kleinhaus,fkleinhauseg@sciencedirect.com,Female,107.236.39.25
522,Nannie,Wilbud,nwilbudeh@artisteer.com,Female,236.73.61.56
523,Imogene,Willingam,iwillingamei@yandex.ru,Female,73.228.109.50
524,Lynea,Benza,lbenzaej@biglobe.ne.jp,Female,119.64.143.90
525,Arleyne,Ludlem,aludlemek@ucla.edu,Female,84.167.45.213
526,Dedie,Evison,devisonel@infoseek.co.jp,Bigender,55.58.108.100
527,Danella,O'Fihily,dofihilyem@independent.co.uk,Female,200.1.250.159
528,Taffy,Duggan,tdugganen@jalbum.net,Bigender,93.46.21.36
529,Fin,Pennuzzi,fpennuzzieo@desdev.cn,Male,177.233.244.236
530,Izzy,Eloi,ieloiep@springer.com,Male,92.113.181.135
531,Amos,Lecordier,alecordiereq@independent.co.uk,Male,41.230.155.255
532,Casper,Minghella,cminghellaer@vimeo.com,Male,240.158.206.126
533,Siegfried,Kelso,skelsoes@ted.com,Male,209.248.90.128
534,Julian,Whitford,jwhitfordet@behance.net,Male,19.173.92.55
535,Rozanna,Tieraney,rtieraneyeu@shareasale.com,Female,199.217.207.72
536,Heather,Reiglar,hreiglarev@comsenz.com,Female,150.4.46.241
537,Sawyere,Noods,snoodsew@cyberchimps.com,Male,77.152.218.93
538,Elli,Wethered,ewetheredex@artisteer.com,Female,122.139.126.242
539,Adelaide,Reinbech,areinbechey@yolasite.com,Female,11.49.38.42
540,Avery,Dowey,adoweyez@youtu.be,Male,103.82.233.104
541,Margarete,Capsey,mcapseyf0@accuweather.com,Female,137.136.253.153
542,Ward,Goodlake,wgoodlakef1@behance.net,Male,203.223.156.216
543,Berkley,Beacon,bbeaconf2@clickbank.net,Male,20.132.210.37
544,Celinda,Eicheler,ceichelerf3@phpbb.com,Female,228.152.187.35
545,Dorris,Redley,dredleyf4@skyrock.com,Female,240.147.72.180
546,Ulrikaumeko,Nightingale,unightingalef5@51.la,Female,232.73.221.149
547,Gusti,Candelin,gcandelinf6@addthis.com,Polygender,24.74.92.199
548,Monti,Dimock,mdimockf7@ucoz.ru,Male,23.223.102.75
549,Garland,Haggith,ghaggithf8@harvard.edu,Female,157.238.189.79
550,Bernette,Lawday,blawdayf9@utexas.edu,Female,237.233.95.51
551,Sebastien,Belchambers,sbelchambersfa@scribd.com,Male,12.49.208.228
552,Godwin,Du Barry,gdubarryfb@pen.io,Male,73.109.1.63
553,Dew,Siddall,dsiddallfc@blogs.com,Male,216.236.115.123
554,Eldon,Stein,esteinfd@flavors.me,Male,220.9.212.76
555,Melamie,Southers,msouthersfe@sitemeter.com,Female,185.79.15.29
556,Theresa,Del Castello,tdelcastelloff@jigsy.com,Female,139.9.115.1
557,Emmett,Hadgraft,ehadgraftfg@macromedia.com,Male,90.41.120.236
558,Bobbee,Armall,barmallfh@usa.gov,Female,67.67.217.94
559,Merrile,Asmus,masmusfi@goodreads.com,Female,34.238.61.230
560,Ruby,Standen,rstandenfj@google.co.uk,Female,215.195.74.38
561,Annissa,Pikett,apikettfk@163.com,Polygender,34.95.125.196
562,Fredrick,Huckerby,fhuckerbyfl@github.io,Male,54.10.42.175
563,Lonnie,Papierz,lpapierzfm@storify.com,Female,50.22.35.72
564,Myrlene,Cassidy,mcassidyfn@t.co,Female,176.80.113.141
565,Gael,Hedworth,ghedworthfo@i2i.jp,Male,56.205.90.54
566,Stanton,Hattiff,shattifffp@umn.edu,Polygender,188.89.159.215
567,Chantalle,Baudy,cbaudyfq@irs.gov,Female,222.194.157.38
568,Spencer,Bleything,sbleythingfr@boston.com,Male,90.191.171.147
569,Solly,Roadnight,sroadnightfs@accuweather.com,Bigender,183.12.253.7
570,Mimi,Powell,mpowellft@ucoz.ru,Female,199.37.206.5
571,Staci,Triner,strinerfu@berkeley.edu,Female,160.124.112.227
572,Lowe,Saffran,lsaffranfv@comcast.net,Male,48.124.58.111
573,Gayelord,Beldum,gbeldumfw@google.co.uk,Male,236.43.53.167
574,Bogey,Moyers,bmoyersfx@army.mil,Male,181.94.231.249
575,Karoline,MacKill,kmackillfy@sitemeter.com,Female,197.53.123.174
576,Venita,Coneau,vconeaufz@google.fr,Female,56.142.253.98
577,Donetta,McCarty,dmccartyg0@merriam-webster.com,Female,17.195.11.192
578,Lin,Danelut,ldanelutg1@home.pl,Female,254.178.135.18
579,Anny,Glasspool,aglasspoolg2@telegraph.co.uk,Female,166.198.146.164
580,Beilul,De Wolfe,bdewolfeg3@example.com,Bigender,36.225.210.217
581,Christoforo,Brucker,cbruckerg4@elegantthemes.com,Male,206.149.34.95
582,Christa,Lemerle,clemerleg5@webnode.com,Female,182.12.113.233
583,Ken,Bouzek,kbouzekg6@ibm.com,Polygender,195.126.123.102
584,Stepha,Brixey,sbrixeyg7@yellowpages.com,Female,86.43.42.221
585,Anet,Yanov,ayanovg8@go.com,Polygender,190.194.211.193
586,Thatcher,Coughtrey,tcoughtreyg9@reverbnation.com,Male,153.182.65.95
587,Ninon,Facey,nfaceyga@ezinearticles.com,Female,235.255.210.2
588,Amil,Garbutt,agarbuttgb@unesco.org,Female,11.14.209.182
589,Larissa,Rivalland,lrivallandgc@jiathis.com,Female,41.0.194.66
590,Tod,Balsillie,tbalsilliegd@xrea.com,Agender,252.138.138.170
591,Ardys,Pawlyn,apawlynge@ocn.ne.jp,Female,133.104.25.133
592,Solomon,McMarquis,smcmarquisgf@photobucket.com,Male,230.189.117.101
593,Mattheus,McIlvenna,mmcilvennagg@free.fr,Male,90.173.227.128
594,Romona,Supple,rsupplegh@comsenz.com,Female,223.24.129.14
595,Bordy,Pash,bpashgi@cnet.com,Male,199.220.29.237
596,Rosene,Reely,rreelygj@flickr.com,Female,21.11.245.127
597,Gun,Hawe,ghawegk@reuters.com,Male,93.181.196.73
598,Meier,Tinham,mtinhamgl@bbb.org,Male,144.222.244.96
599,Marco,Dunbavin,mdunbavingm@purevolume.com,Male,4.54.201.134
600,Donn,McCalum,dmccalumgn@lulu.com,Male,161.12.135.21
601,Annamaria,Meller,amellergo@walmart.com,Female,40.128.24.213
602,Geoff,Genever,ggenevergp@eepurl.com,Male,46.124.114.56
603,Kristan,Blackater,kblackatergq@jalbum.net,Female,23.47.25.50
604,Pattie,Chittock,pchittockgr@utexas.edu,Genderqueer,125.136.67.232
605,Rhea,Strete,rstretegs@facebook.com,Female,160.85.163.55
606,Emilie,Brabbs,ebrabbsgt@opera.com,Female,243.130.165.135
607,Si,Gerrie,sgerriegu@cocolog-nifty.com,Male,219.96.252.135
608,Marve,Deason,mdeasongv@naver.com,Male,110.190.205.126
609,Riki,Giraudeau,rgiraudeaugw@lulu.com,Non-binary,126.7.163.54
610,Vite,Yole,vyolegx@ucla.edu,Male,165.249.20.170
611,Dalton,Hoult,dhoultgy@newsvine.com,Male,219.22.54.225
612,Bernette,Letts,blettsgz@tinyurl.com,Bigender,99.167.167.152
613,Ivor,Hannah,ihannahh0@simplemachines.org,Male,223.98.46.122
614,Ingemar,Rome,iromeh1@netlog.com,Male,211.223.199.43
615,Tabbie,Greening,tgreeningh2@yahoo.com,Female,82.46.174.180
616,Carline,Death,cdeathh3@spotify.com,Polygender,67.134.133.176
617,Pooh,Richings,prichingsh4@vinaora.com,Male,181.48.92.86
618,Kerrill,Greeson,kgreesonh5@aboutads.info,Female,194.119.71.117
619,Samuel,Bromont,sbromonth6@unblog.fr,Male,44.53.20.98
620,Borden,Casine,bcasineh7@about.com,Male,61.225.56.48
621,Ronalda,Kahan,rkahanh8@quantcast.com,Female,210.46.253.70
622,Barbey,Janjic,bjanjich9@hud.gov,Female,220.148.91.142
623,Filberto,Harms,fharmsha@ehow.com,Male,23.46.144.158
624,Pepita,Hackney,phackneyhb@china.com.cn,Female,32.94.103.26
625,Milo,Lyven,mlyvenhc@independent.co.uk,Male,193.111.111.57
626,Tommy,Silson,tsilsonhd@hostgator.com,Female,6.157.205.40
627,Katy,Croce,kcrocehe@dedecms.com,Female,111.5.178.23
628,Marilyn,Haston,mhastonhf@booking.com,Female,220.240.225.46
629,Winnifred,Vasilic,wvasilichg@pcworld.com,Female,145.3.167.40
630,Geoffry,Dumbleton,gdumbletonhh@google.co.uk,Male,156.248.198.236
631,Rod,Odhams,rodhamshi@t-online.de,Male,34.228.0.85
632,Kitty,Limb,klimbhj@networkadvertising.org,Female,69.127.85.12
633,Maryanna,Cuerda,mcuerdahk@ifeng.com,Female,39.101.174.150
634,Didi,Po,dpohl@i2i.jp,Female,162.142.145.209
635,Manolo,Husbands,mhusbandshm@cbslocal.com,Male,183.66.2.57
636,Ema,Langran,elangranhn@apache.org,Female,147.49.255.149
637,Eugenio,Schwandt,eschwandtho@i2i.jp,Male,55.83.131.36
638,Becky,Mawby,bmawbyhp@cpanel.net,Female,166.71.9.106
639,Rayshell,Scutter,rscutterhq@cloudflare.com,Female,232.61.62.171
640,Cindy,O'Griffin,cogriffinhr@dion.ne.jp,Female,164.93.200.94
641,Dorine,Onion,donionhs@columbia.edu,Female,102.37.224.51
642,Sinclair,Pinch,spinchht@amazon.de,Male,38.53.35.187
643,Lonnard,Treffry,ltreffryhu@thetimes.co.uk,Male,217.146.186.225
644,Tucker,Bathoe,tbathoehv@google.co.jp,Male,243.131.79.189
645,Xerxes,Bernardinelli,xbernardinellihw@barnesandnoble.com,Male,159.144.242.114
646,Tootsie,MacKonochie,tmackonochiehx@ning.com,Genderfluid,67.3.217.108
647,Renaldo,Quibell,rquibellhy@reuters.com,Male,227.119.129.71
648,Cull,Lodden,cloddenhz@github.io,Male,201.25.56.47
649,Barbi,Battleson,bbattlesoni0@dedecms.com,Female,96.70.34.132
650,Trumann,Oppy,toppyi1@nymag.com,Male,7.42.232.203
651,Jayne,Kenlin,jkenlini2@mit.edu,Female,223.7.212.105
652,Berkeley,Brackenridge,bbrackenridgei3@opera.com,Male,167.50.6.0
653,Kerri,Alenshev,kalenshevi4@ebay.co.uk,Female,148.243.36.94
654,Astra,Dyers,adyersi5@blinklist.com,Female,18.130.174.13
655,Faulkner,Liveley,fliveleyi6@ameblo.jp,Male,145.105.108.249
656,Babs,Janak,bjanaki7@google.es,Female,48.107.202.109
657,Brynne,Wadmore,bwadmorei8@google.cn,Female,65.146.54.45
658,Corey,Huckel,chuckeli9@technorati.com,Female,220.224.62.240
659,Phoebe,Errigo,perrigoia@example.com,Female,186.25.145.48
660,Tory,Ockleshaw,tockleshawib@addtoany.com,Non-binary,20.191.111.20
661,Kattie,Senn,ksennic@moonfruit.com,Female,68.177.242.239
662,Lorant,Chowne,lchowneid@lulu.com,Male,77.157.38.170
663,Ferdie,Tweddell,ftweddellie@blogspot.com,Male,194.129.194.252
664,Amelita,Squelch,asquelchif@sourceforge.net,Female,97.38.154.63
665,Tomi,Gilbertson,tgilbertsonig@photobucket.com,Female,71.187.104.205
666,Lucien,Benz,lbenzih@si.edu,Male,10.253.32.102
667,Lindsay,Jelks,ljelksii@timesonline.co.uk,Female,131.127.9.235
668,Tamiko,Eglin,teglinij@barnesandnoble.com,Female,8.249.159.48
669,Bernard,Decayette,bdecayetteik@furl.net,Male,247.54.233.213
670,Amber,Befroy,abefroyil@npr.org,Female,220.234.41.90
671,Kristyn,MacKall,kmackallim@paginegialle.it,Female,169.15.254.20
672,Kippar,Mundall,kmundallin@arizona.edu,Polygender,135.11.6.0
673,Padraig,Stenet,pstenetio@blogtalkradio.com,Male,112.224.63.139
674,Leonhard,Challenger,lchallengerip@dmoz.org,Male,60.56.207.26
675,Lesley,Jado,ljadoiq@dedecms.com,Female,121.89.135.111
676,Natalina,Martelet,nmarteletir@comcast.net,Female,112.125.184.54
677,Helenelizabeth,Tonner,htonneris@jimdo.com,Female,34.63.50.76
678,Xenia,Paumier,xpaumierit@prweb.com,Female,115.178.70.50
679,Sara-ann,Matyushonok,smatyushonokiu@google.cn,Female,118.31.157.43
680,Shelton,Jefford,sjeffordiv@smh.com.au,Male,32.169.149.172
681,Joela,Aldam,jaldamiw@issuu.com,Female,159.133.153.121
682,Craig,Damrell,cdamrellix@sitemeter.com,Male,109.35.39.134
683,Ruprecht,Goudman,rgoudmaniy@amazon.de,Male,90.83.39.213
684,Heinrik,Rollett,hrollettiz@examiner.com,Male,235.225.126.118
685,Bart,Tasseler,btasselerj0@who.int,Male,111.189.205.174
686,Marcile,Kira,mkiraj1@dailymotion.com,Female,22.24.152.225
687,Nolana,Girard,ngirardj2@businessweek.com,Female,62.190.189.108
688,Karlotta,Benfield,kbenfieldj3@state.tx.us,Female,210.90.69.103
689,Betta,Cady,bcadyj4@engadget.com,Female,151.118.92.223
690,Darb,Sindle,dsindlej5@jugem.jp,Female,177.141.2.129
691,Shaughn,Busch,sbuschj6@ycombinator.com,Polygender,147.238.179.130
692,Buck,Cassels,bcasselsj7@sina.com.cn,Male,219.30.74.155
693,Lincoln,Farryann,lfarryannj8@adobe.com,Male,248.194.228.24
694,Jesus,Berndtssen,jberndtssenj9@i2i.jp,Male,103.167.149.62
695,Mick,Schultze,mschultzeja@360.cn,Male,138.2.204.78
696,Arley,Chaff,achaffjb@marketwatch.com,Male,194.56.143.141
697,Rosamund,Dumphy,rdumphyjc@photobucket.com,Female,1.154.15.18
698,Gladi,Matuszyk,gmatuszykjd@state.tx.us,Female,101.1.137.39
699,Dee dee,Allbut,dallbutje@multiply.com,Female,94.161.114.244
700,Jess,Tessyman,jtessymanjf@com.com,Female,204.151.182.119
701,Leighton,Gianinotti,lgianinottijg@tripod.com,Genderqueer,141.225.24.18
702,Dickie,Baversor,dbaversorjh@networksolutions.com,Male,73.165.85.198
703,Brinn,Dablin,bdablinji@example.com,Female,223.7.98.116
704,Brennan,Soares,bsoaresjj@cdbaby.com,Male,143.216.42.162
705,Emmit,Suttling,esuttlingjk@yolasite.com,Male,141.16.53.247
706,Larina,Gumary,lgumaryjl@sciencedirect.com,Female,163.151.31.100
707,Arvin,Ovell,aovelljm@cyberchimps.com,Male,202.191.222.146
708,Pegeen,Brisse,pbrissejn@scribd.com,Female,31.134.41.237
709,Zedekiah,Frears,zfrearsjo@bloglines.com,Male,96.228.36.65
710,Paulita,Bonome,pbonomejp@tumblr.com,Female,211.70.61.181
711,Yulma,Semeradova,ysemeradovajq@cnbc.com,Male,248.47.196.250
712,Bernadette,Headland,bheadlandjr@mozilla.com,Female,72.79.79.222
713,Berk,Almak,balmakjs@jiathis.com,Male,110.189.25.148
714,Roz,Lacroux,rlacrouxjt@google.ru,Female,234.84.79.197
715,Maribeth,Yarrow,myarrowju@netvibes.com,Genderfluid,80.250.250.237
716,Walden,Giacomoni,wgiacomonijv@samsung.com,Male,230.11.230.191
717,Rasla,Birrane,rbirranejw@tuttocitta.it,Female,118.130.130.179
718,Ben,Deacon,bdeaconjx@cloudflare.com,Male,45.160.115.3
719,Virgil,Elcy,velcyjy@tripod.com,Male,176.6.232.98
720,Oswald,Segrott,osegrottjz@dailymail.co.uk,Male,46.205.79.54
721,Shelly,Kyffin,skyffink0@miitbeian.gov.cn,Female,148.217.32.245
722,Valentino,Santore,vsantorek1@canalblog.com,Male,95.155.11.175
723,Lucine,Nutter,lnutterk2@smh.com.au,Female,159.211.236.116
724,Sully,Mealing,smealingk3@live.com,Male,137.215.153.110
725,Artur,Brewett,abrewettk4@paginegialle.it,Male,55.235.30.197
726,Alyson,Tesyro,atesyrok5@senate.gov,Female,6.165.135.126
727,Joni,Zorzutti,jzorzuttik6@thetimes.co.uk,Female,49.202.228.60
728,Ewen,Pretsel,epretselk7@wisc.edu,Male,233.47.91.238
729,Beatrice,Hierro,bhierrok8@odnoklassniki.ru,Female,208.25.155.21
730,Sara-ann,Falls,sfallsk9@sciencedirect.com,Female,135.237.88.103
731,Gill,Gossage,ggossageka@shop-pro.jp,Female,198.194.31.180
732,Zachery,Attiwill,zattiwillkb@usgs.gov,Male,133.15.72.191
733,Joanne,Nolda,jnoldakc@w3.org,Female,158.10.214.19
734,Zaria,Alflatt,zalflattkd@cargocollective.com,Female,85.251.126.191
735,Veronike,Purvey,vpurveyke@usda.gov,Female,142.7.100.12
736,Lynette,Cubuzzi,lcubuzzikf@spotify.com,Female,236.213.131.100
737,Gallagher,Arton,gartonkg@aol.com,Male,62.82.53.102
738,Reinaldo,Ravelus,rraveluskh@economist.com,Male,228.167.149.170
739,Loria,Stedall,lstedallki@spotify.com,Female,156.57.186.219
740,Wallache,Carnduff,wcarnduffkj@rediff.com,Male,14.246.54.209
741,Rolf,Bewlie,rbewliekk@lycos.com,Male,199.165.131.165
742,Gawen,Pinkerton,gpinkertonkl@ft.com,Male,191.135.84.10
743,Rhett,Knightley,rknightleykm@cyberchimps.com,Male,236.77.116.169
744,Alma,Claricoats,aclaricoatskn@ehow.com,Female,237.204.48.92
745,Lorita,Chasney,lchasneyko@mayoclinic.com,Female,143.127.35.45
746,Belvia,Battye,bbattyekp@timesonline.co.uk,Female,41.3.16.107
747,Honor,Blant,hblantkq@netvibes.com,Female,129.69.80.248
748,Natale,Batistelli,nbatistellikr@e-recht24.de,Male,95.88.244.0
749,Constantin,Print,cprintks@theatlantic.com,Male,220.60.168.225
750,Jordain,Guillet,jguilletkt@boston.com,Female,95.248.30.97
751,Reggi,Coucha,rcouchaku@state.tx.us,Female,242.227.112.13
752,Cherin,Coronas,ccoronaskv@vimeo.com,Female,199.57.128.153
753,Masha,Figura,mfigurakw@comcast.net,Female,170.46.235.169
754,Gerry,Shegog,gshegogkx@indiatimes.com,Female,248.219.76.200
755,Ellene,Conboy,econboyky@patch.com,Agender,248.28.42.215
756,Maxwell,Yashaev,myashaevkz@chicagotribune.com,Male,159.186.198.65
757,Karee,Beldan,kbeldanl0@ifeng.com,Female,128.47.88.27
758,Bordy,Folli,bfollil1@51.la,Male,116.31.72.64
759,Sapphire,Rawcliffe,srawcliffel2@dell.com,Female,206.171.189.1
760,Gerti,Boyse,gboysel3@smugmug.com,Female,2.71.217.72
761,Kevin,Klesel,kklesell4@unblog.fr,Male,75.63.185.157
762,Brandais,Wardesworth,bwardesworthl5@fda.gov,Female,70.195.61.10
763,Cherish,Vidineev,cvidineevl6@blogs.com,Female,192.151.66.3
764,Del,Hendrich,dhendrichl7@newsvine.com,Female,237.200.6.185
765,Currey,Enticott,centicottl8@netvibes.com,Male,5.201.138.122
766,Hardy,Dincey,hdinceyl9@comcast.net,Male,15.177.218.86
767,Lane,Vergo,lvergola@is.gd,Female,100.204.113.27
768,Sherm,Lelande,slelandelb@paypal.com,Male,186.5.133.94
769,Maurie,Stebbin,mstebbinlc@un.org,Male,8.108.194.246
770,Hugibert,Charrisson,hcharrissonld@dmoz.org,Male,171.69.44.253
771,Hermina,Strowthers,hstrowthersle@admin.ch,Female,109.125.12.99
772,Adoree,Trevett,atrevettlf@rediff.com,Female,44.22.60.45
773,Allx,MacAdam,amacadamlg@behance.net,Female,108.204.116.99
774,Ollie,Churchman,ochurchmanlh@a8.net,Female,167.26.243.35
775,Kittie,Bankes,kbankesli@princeton.edu,Female,95.183.225.5
776,Nissy,Haldene,nhaldenelj@china.com.cn,Female,71.200.81.213
777,Datha,Cromb,dcromblk@ustream.tv,Female,118.58.128.13
778,Leoine,Impey,limpeyll@latimes.com,Female,84.223.173.73
779,Hannah,Elecum,helecumlm@stanford.edu,Female,214.140.204.76
780,Ryon,Christaeas,rchristaeasln@arstechnica.com,Male,100.214.25.164
781,Shelia,Robertot,srobertotlo@umn.edu,Female,85.31.201.32
782,Leanor,Jiricka,ljirickalp@digg.com,Female,20.57.221.182
783,Traver,Peaseman,tpeasemanlq@globo.com,Male,75.236.119.162
784,Meara,Wassung,mwassunglr@biblegateway.com,Female,31.32.149.115
785,Burnard,Hadlington,bhadlingtonls@cyberchimps.com,Male,134.198.70.175
786,Northrop,Remon,nremonlt@google.ca,Male,40.26.11.255
787,Josephine,Westover,jwestoverlu@dropbox.com,Female,195.174.159.67
788,Clemens,Rumble,crumblelv@phoca.cz,Male,143.47.29.245
789,Fran,Hews,fhewslw@1688.com,Female,223.46.40.125
790,Donalt,Stetlye,dstetlyelx@skype.com,Male,195.52.201.164
791,Monty,Hoggin,mhogginly@dyndns.org,Male,144.207.184.126
792,Stanleigh,Rorke,srorkelz@purevolume.com,Male,74.41.228.47
793,Emera,Blinman,eblinmanm0@zimbio.com,Female,211.200.66.159
794,Kate,Reilly,kreillym1@unesco.org,Female,247.72.57.145
795,Phillip,Flavelle,pflavellem2@vistaprint.com,Male,226.127.239.93
796,Marney,Grealy,mgrealym3@hud.gov,Female,9.233.122.158
797,Adelheid,MacFadzan,amacfadzanm4@ft.com,Female,21.59.9.79
798,Cordy,Gymlett,cgymlettm5@scientificamerican.com,Agender,254.44.127.210
799,Goddart,Lascell,glascellm6@qq.com,Male,147.127.50.86
800,Calley,Wearing,cwearingm7@mashable.com,Female,156.187.76.39
801,Daniele,Barson,dbarsonm8@php.net,Female,240.114.53.115
802,Saleem,Tubb,stubbm9@surveymonkey.com,Male,92.16.135.180
803,Benjamen,Shoobridge,bshoobridgema@wix.com,Male,115.77.252.1
804,Moses,Jessopp,mjessoppmb@marriott.com,Male,135.108.65.66
805,Bernardine,Meran,bmeranmc@taobao.com,Female,113.247.136.252
806,Samara,Jedrychowski,sjedrychowskimd@trellian.com,Female,130.5.213.125
807,Aindrea,Phlippsen,aphlippsenme@mozilla.org,Female,116.28.76.92
808,Alard,Van Niekerk,avanniekerkmf@mapy.cz,Non-binary,34.252.125.131
809,Elsbeth,Rannigan,eranniganmg@behance.net,Bigender,92.216.110.46
810,Erie,Brudenell,ebrudenellmh@statcounter.com,Male,200.113.193.172
811,Fabian,Greschik,fgreschikmi@typepad.com,Male,157.101.231.139
812,Ezechiel,Trevaskis,etrevaskismj@nifty.com,Male,131.110.27.144
813,Clayborn,Slyvester,cslyvestermk@digg.com,Male,49.77.236.77
814,Charline,Slowcock,cslowcockml@hubpages.com,Polygender,86.214.4.158
815,Stace,Newlan,snewlanmm@freewebs.com,Female,204.254.163.185
816,Corette,Minifie,cminifiemn@thetimes.co.uk,Female,150.72.175.1
817,Edlin,Wait,ewaitmo@twitter.com,Male,208.37.195.236
818,Marcello,Flindall,mflindallmp@foxnews.com,Male,118.68.202.250
819,De witt,Vasser,dvassermq@msu.edu,Male,243.126.122.152
820,Bradley,Cordero,bcorderomr@comcast.net,Male,249.153.158.247
821,Alexio,Fellon,afellonms@tinypic.com,Male,224.123.75.51
822,Helen-elizabeth,Spritt,hsprittmt@linkedin.com,Female,251.150.251.52
823,Ola,Lalley,olalleymu@theglobeandmail.com,Female,60.140.254.0
824,Elsworth,Candwell,ecandwellmv@taobao.com,Male,226.141.127.244
825,Marshall,McCloy,mmccloymw@virginia.edu,Male,179.101.56.249
826,Gayleen,Abethell,gabethellmx@github.com,Female,232.14.205.174
827,Micheil,Sclanders,msclandersmy@businessweek.com,Male,16.109.185.153
828,Eugenie,Phinnis,ephinnismz@dailymotion.com,Female,1.189.60.39
829,Zoe,Smeeton,zsmeetonn0@themeforest.net,Female,93.148.241.75
830,Cinderella,Armitage,carmitagen1@bloglines.com,Female,38.43.139.156
831,Geoffry,Ottewell,gottewelln2@fda.gov,Male,9.194.203.218
832,Hillyer,McSherry,hmcsherryn3@tripod.com,Male,104.71.226.14
833,Tommi,Sanpere,tsanperen4@hibu.com,Genderfluid,247.199.37.252
834,Hersh,Borit,hboritn5@skype.com,Male,230.89.252.50
835,Natalie,Bolus,nbolusn6@wikipedia.org,Female,168.70.171.57
836,Chryste,Knighton,cknightonn7@constantcontact.com,Female,73.162.40.177
837,Roselia,Kemmons,rkemmonsn8@fc2.com,Female,185.230.233.121
838,Ario,Adrien,aadrienn9@marriott.com,Male,94.86.55.26
839,Lonnie,Digger,ldiggerna@pcworld.com,Polygender,51.56.19.54
840,Meier,Bows,mbowsnb@nifty.com,Male,77.151.244.141
841,Octavius,Dioniso,odionisonc@miibeian.gov.cn,Male,54.184.249.240
842,Gilda,Mehmet,gmehmetnd@symantec.com,Female,239.152.45.44
843,Franklyn,Ewence,fewencene@zimbio.com,Male,76.188.231.208
844,Nichole,Goodboddy,ngoodboddynf@hud.gov,Female,89.250.80.185
845,Mella,Neiland,mneilandng@msu.edu,Bigender,82.62.88.145
846,Crissie,Ochterlony,cochterlonynh@themeforest.net,Female,34.248.228.170
847,Obadias,Rockall,orockallni@tinyurl.com,Male,171.218.16.246
848,Eugine,Rushbrooke,erushbrookenj@photobucket.com,Female,5.190.164.124
849,Maribeth,Preene,mpreenenk@sourceforge.net,Female,131.216.155.91
850,Katinka,Saltmarsh,ksaltmarshnl@feedburner.com,Female,208.103.187.70
851,Chloette,Farney,cfarneynm@artisteer.com,Female,28.142.162.189
852,Roz,Brand,rbrandnn@prweb.com,Bigender,176.14.98.43
853,Saraann,Rosbotham,srosbothamno@ibm.com,Female,10.109.219.69
854,Addie,Blackbourn,ablackbournnp@shutterfly.com,Male,167.246.194.229
855,Marylin,Le Grice,mlegricenq@ox.ac.uk,Female,149.146.52.150
856,Kincaid,Arunowicz,karunowicznr@barnesandnoble.com,Male,231.79.249.140
857,Bryanty,Grogor,bgrogorns@sciencedaily.com,Male,84.169.161.172
858,Darcy,Jacquemot,djacquemotnt@ovh.net,Female,156.95.0.141
859,Marj,Serle,mserlenu@about.com,Female,55.158.167.96
860,Yetta,Beasleigh,ybeasleighnv@twitpic.com,Female,194.54.240.112
861,Persis,Tedahl,ptedahlnw@census.gov,Female,112.146.227.203
862,Kalila,Sambeck,ksambecknx@icq.com,Female,112.196.86.180
863,Rivkah,Hillin,rhillinny@freewebs.com,Female,28.208.61.214
864,Joe,Gerriet,jgerrietnz@telegraph.co.uk,Genderqueer,7.199.156.113
865,Cicely,Clayfield,cclayfieldo0@amazon.co.jp,Female,41.67.209.210
866,Nikaniki,Forth,nfortho1@scientificamerican.com,Female,35.125.250.13
867,Johna,Tschiersch,jtschierscho2@mtv.com,Female,72.84.115.206
868,Agustin,Botten,abotteno3@blogtalkradio.com,Male,154.0.224.48
869,Christabel,Way,cwayo4@posterous.com,Female,239.150.64.241
870,Loretta,Outright,loutrighto5@g.co,Genderfluid,47.157.234.0
871,Arnold,Ksandra,aksandrao6@slashdot.org,Polygender,199.57.10.102
872,Hinze,McKechnie,hmckechnieo7@prnewswire.com,Male,121.176.130.223
873,Allin,Duckering,aduckeringo8@bbc.co.uk,Bigender,26.186.125.210
874,Salome,Vecard,svecardo9@exblog.jp,Female,64.13.68.18
875,Gael,de Verson,gdeversonoa@yahoo.com,Male,78.140.171.226
876,Baxter,Gilbanks,bgilbanksob@latimes.com,Male,136.175.182.112
877,Obadiah,McGreay,omcgreayoc@boston.com,Male,75.250.66.167
878,Hodge,Howgate,hhowgateod@biglobe.ne.jp,Male,206.20.164.163
879,Madlin,Fernando,mfernandooe@about.com,Female,55.40.44.236
880,Meredith,aManger,mamangerof@constantcontact.com,Female,187.133.13.194
881,Rosco,Brient,rbrientog@wired.com,Male,151.254.212.225
882,Karrah,Overstone,koverstoneoh@github.com,Female,216.88.162.194
883,Happy,Baldassi,hbaldassioi@accuweather.com,Female,199.21.159.37
884,Charmain,Laxson,claxsonoj@archive.org,Female,184.49.160.126
885,Faith,Curme,fcurmeok@state.tx.us,Female,137.20.27.126
886,Bethina,Anstiss,banstissol@booking.com,Female,79.163.251.227
887,Kristine,Grunnill,kgrunnillom@a8.net,Female,72.83.164.164
888,Cindee,Langfat,clangfaton@kickstarter.com,Female,185.25.143.84
889,Vilma,Boffin,vboffinoo@miitbeian.gov.cn,Female,203.181.217.30
890,Wolfie,Dimberline,wdimberlineop@issuu.com,Male,199.15.103.84
891,Demeter,Leates,dleatesoq@java.com,Female,92.56.10.105
892,Sarge,Motion,smotionor@google.com.br,Male,222.184.71.47
893,Jermain,Mead,jmeados@loc.gov,Bigender,64.241.105.86
894,Ulick,Blaszczak,ublaszczakot@go.com,Male,195.145.242.195
895,Sollie,Gadsby,sgadsbyou@webs.com,Male,218.25.8.38
896,Carmine,Milkeham,cmilkehamov@archive.org,Female,151.19.130.45
897,Daveta,Abarough,dabaroughow@ucsd.edu,Female,8.128.207.89
898,Georas,Kinman,gkinmanox@myspace.com,Male,24.71.17.119
899,Lannie,Olley,lolleyoy@dell.com,Male,219.188.253.213
900,Alverta,Bever,abeveroz@wikia.com,Female,144.42.53.130
901,Ashleigh,Hackford,ahackfordp0@cam.ac.uk,Polygender,101.70.191.232
902,Israel,Vakhonin,ivakhoninp1@squidoo.com,Male,189.102.84.84
903,Nevin,Tonkinson,ntonkinsonp2@storify.com,Genderqueer,122.80.22.152
904,Lib,Lamberto,llambertop3@alexa.com,Female,14.13.100.100
905,Skyler,McPeake,smcpeakep4@nba.com,Male,104.24.211.194
906,Kelvin,Nisuis,knisuisp5@dmoz.org,Male,152.27.0.209
907,Albertina,Dudlestone,adudlestonep6@accuweather.com,Non-binary,207.175.134.237
908,Babs,Gwyneth,bgwynethp7@myspace.com,Female,64.209.216.41
909,Jacki,Walewski,jwalewskip8@feedburner.com,Female,129.145.195.32
910,Blakeley,Bonnefin,bbonnefinp9@constantcontact.com,Female,36.83.124.135
911,Gay,McNiff,gmcniffpa@yellowbook.com,Male,69.191.53.18
912,Jamie,Memory,jmemorypb@sun.com,Non-binary,54.13.138.37
913,Siffre,Vickarman,svickarmanpc@amazon.co.uk,Male,248.102.216.47
914,Jo-anne,Dingate,jdingatepd@answers.com,Female,107.124.100.112
915,Marjorie,Hallowes,mhallowespe@angelfire.com,Female,195.153.92.201
916,Celestia,Maffi,cmaffipf@fda.gov,Female,175.82.27.222
917,Adrian,Luckin,aluckinpg@constantcontact.com,Male,26.177.102.89
918,Lindy,Derobert,lderobertph@upenn.edu,Male,37.249.147.155
919,Kass,Wombwell,kwombwellpi@washingtonpost.com,Female,43.167.124.2
920,Klaus,O'Concannon,koconcannonpj@squarespace.com,Male,30.231.198.182
921,Drona,Waldock,dwaldockpk@usda.gov,Female,10.32.66.74
922,Ingrim,Sillito,isillitopl@phpbb.com,Male,161.240.173.241
923,Nesta,Geerdts,ngeerdtspm@slashdot.org,Female,149.154.164.98
924,Gregoor,Soden,gsodenpn@wikispaces.com,Male,204.219.96.180
925,Andy,Perel,aperelpo@tamu.edu,Male,55.76.156.172
926,Melodee,Durand,mdurandpp@webnode.com,Female,120.96.191.231
927,Farand,Hutchason,fhutchasonpq@pbs.org,Female,104.68.71.203
928,Guendolen,Howieson,ghowiesonpr@jugem.jp,Female,16.208.229.238
929,Melitta,Osbourne,mosbourneps@kickstarter.com,Agender,166.106.62.155
930,Carlin,Jozsef,cjozsefpt@npr.org,Female,210.229.169.162
931,Mal,Bircher,mbircherpu@sitemeter.com,Male,190.108.30.238
932,Happy,Riglar,hriglarpv@uol.com.br,Female,221.19.61.63
933,Deanna,Foyston,dfoystonpw@forbes.com,Female,189.110.5.61
934,Archambault,Brusin,abrusinpx@ucoz.ru,Bigender,91.241.174.236
935,Jakie,Bramhall,jbramhallpy@independent.co.uk,Male,216.110.18.123
936,Payton,Craggs,pcraggspz@amazon.co.jp,Male,202.5.105.110
937,Caralie,Triggel,ctriggelq0@php.net,Female,48.122.230.253
938,Giselle,Strethill,gstrethillq1@icq.com,Female,28.143.46.44
939,Micky,McGrayle,mmcgrayleq2@aol.com,Male,195.227.28.167
940,Mavra,Markus,mmarkusq3@reference.com,Female,70.203.1.86
941,Leisha,Ramelet,lrameletq4@intel.com,Female,244.194.34.126
942,Carola,McMeeking,cmcmeekingq5@house.gov,Female,111.139.208.27
943,Sophie,Messham,smesshamq6@tmall.com,Female,23.33.45.18
944,Elisabetta,Stredwick,estredwickq7@columbia.edu,Female,90.34.233.196
945,Esther,Chishull,echishullq8@rediff.com,Female,182.182.53.96
946,Aurie,Sleath,asleathq9@example.com,Female,33.3.42.141
947,Carlen,Inge,cingeqa@barnesandnoble.com,Female,96.196.153.211
948,Erik,Soltan,esoltanqb@nih.gov,Male,128.246.24.155
949,Lilias,Kelsey,lkelseyqc@businessweek.com,Female,239.207.144.156
950,Walden,Pococke,wpocockeqd@imageshack.us,Male,148.111.46.31
951,Mareah,Cogle,mcogleqe@admin.ch,Female,39.181.202.116
952,Adams,Eagle,aeagleqf@blinklist.com,Male,186.242.223.192
953,Yelena,Cahill,ycahillqg@imageshack.us,Female,7.175.154.101
954,Desi,Bridger,dbridgerqh@wiley.com,Male,173.69.204.207
955,Jakie,Darque,jdarqueqi@marketwatch.com,Male,160.81.148.105
956,Carmen,Wilshire,cwilshireqj@imageshack.us,Female,252.106.203.80
957,Jermayne,McFater,jmcfaterqk@miitbeian.gov.cn,Male,9.107.241.81
958,Wendell,Hek,whekql@flavors.me,Male,171.38.232.1
959,Farrell,Housam,fhousamqm@marketwatch.com,Male,214.148.63.255
960,Isak,Cooch,icoochqn@macromedia.com,Agender,2.178.76.120
961,Stephine,Allibone,salliboneqo@a8.net,Female,67.253.149.133
962,Zulema,Walcher,zwalcherqp@mapy.cz,Female,218.193.135.181
963,Carter,Fenners,cfennersqq@sohu.com,Male,91.243.66.68
964,Leda,Scothorne,lscothorneqr@comsenz.com,Female,212.194.83.3
965,Carmella,Drinkale,cdrinkaleqs@bloglovin.com,Female,89.115.221.112
966,Natassia,Kolushev,nkolushevqt@devhub.com,Female,94.170.163.125
967,Birk,McClarence,bmcclarencequ@constantcontact.com,Male,155.60.178.30
968,Kamila,Turbern,kturbernqv@macromedia.com,Agender,129.252.179.8
969,Ashien,Hundey,ahundeyqw@mlb.com,Female,36.127.166.151
970,Karolina,Pointin,kpointinqx@wisc.edu,Female,146.169.215.118
971,Moira,Blackney,mblackneyqy@about.com,Female,24.131.244.47
972,Benjie,Paynton,bpayntonqz@amazon.com,Male,105.13.139.164
973,Dell,Soares,dsoaresr0@cbslocal.com,Male,222.10.54.199
974,Lisetta,Murrum,lmurrumr1@bravesites.com,Female,235.238.58.65
975,Joletta,Petre,jpetrer2@pcworld.com,Female,255.221.67.48
976,Jedidiah,Dafydd,jdafyddr3@hatena.ne.jp,Male,171.199.255.57
977,Felicle,Lowmass,flowmassr4@cbc.ca,Female,198.232.22.16
978,Cornie,Ashpital,cashpitalr5@washingtonpost.com,Bigender,175.163.10.41
979,Killie,Mahedy,kmahedyr6@reference.com,Male,113.52.218.122
980,Ulrike,Bruckman,ubruckmanr7@cloudflare.com,Female,117.199.254.89
981,Sky,Chaulk,schaulkr8@slashdot.org,Male,51.140.86.96
982,Tanner,Stockle,tstockler9@gizmodo.com,Male,253.221.103.5
983,Meara,Sissot,msissotra@github.io,Female,242.244.207.175
984,Jackie,Gillibrand,jgillibrandrb@ask.com,Male,80.60.6.220
985,Loren,Liven,llivenrc@cmu.edu,Female,222.91.210.37
986,Thebault,Loche,tlocherd@clickbank.net,Male,249.17.83.139
987,Auberta,Borgne,aborgnere@etsy.com,Female,9.61.95.166
988,Jerad,Boyen,jboyenrf@reuters.com,Male,60.74.248.229
989,Margarete,Loughhead,mloughheadrg@desdev.cn,Female,214.60.134.150
990,Ursulina,Lanfer,ulanferrh@gravatar.com,Female,98.71.17.201
991,Wendye,Cummings,wcummingsri@japanpost.jp,Female,119.165.34.230
992,Leda,Collis,lcollisrj@sun.com,Female,135.72.48.144
993,Zonnya,Glidden,zgliddenrk@ftc.gov,Female,14.206.176.167
994,Donnie,Laird-Craig,dlairdcraigrl@hibu.com,Female,190.132.77.16
995,Jewell,Lob,jlobrm@cocolog-nifty.com,Genderqueer,252.216.241.187
996,Lesley,Dmitrievski,ldmitrievskirn@amazon.co.jp,Female,222.117.235.255
997,Babette,Shekle,bsheklero@ifeng.com,Female,120.107.29.167
998,Bard,Callway,bcallwayrp@zimbio.com,Male,11.42.173.205
999,Jodee,Vernall,jvernallrq@cdbaby.com,Female,198.164.230.71
